Subject,Start Date,Start Time,End Date,End Time,Stamp,Category,UID
New Year's Day,2022-01-01,00:00,2022-01-02,00:00,20220129T042448Z,NEWYEARSDAY,20240813T112838-AzgLySvdbvuyJ43A@sohnemann.github.com
New Year's Day (Mondayised),2022-01-03,00:00,2022-01-04,00:00,20220129T042448Z,NEWYEARSDAY,20240813T112838-E9ah2upqVRKWA1QS@sohnemann.github.com
Day after New Year's Day,2022-01-02,00:00,2022-01-03,00:00,20220129T042448Z,NEWYEARSDAY,20240813T112838-Haf2Rp1wcxQLNzNZ@sohnemann.github.com
Day after New Year's Day (Tuesdayised),2022-01-04,00:00,2022-01-05,00:00,20220129T042448Z,NEWYEARSDAY,20240813T112838-FsIEIsqaXR9JcsTv@sohnemann.github.com
Waitangi Day,2022-02-06,00:00,2022-02-07,00:00,20220129T042448Z,WAITANGIDAY,20240813T112838-vqp2he2fIXtk645g@sohnemann.github.com
Waitangi Day (Mondayised),2022-02-07,00:00,2022-02-08,00:00,20220129T042448Z,WAITANGIDAY,20240813T112838-gOL3VJTmzfhUSZmo@sohnemann.github.com
Good Friday,2022-04-15,00:00,2022-04-16,00:00,20220129T042448Z,EASTER,20240813T112838-9tuAOiG3C9HjJ12i@sohnemann.github.com
Easter Monday,2022-04-18,00:00,2022-04-19,00:00,20220129T042448Z,EASTER,20240813T112838-qQvhRfJveMfXu3bo@sohnemann.github.com
Anzac Day,2022-04-25,00:00,2022-04-26,00:00,20220129T042448Z,ANZACDAY,20240813T112838-JSUYY4KSGgSv4h7J@sohnemann.github.com
King's Birthday,2022-06-06,00:00,2022-06-07,00:00,20220129T042448Z,SOVEREIGNSBIRTHDAY,20240813T112838-LpI2AJAGltLaR1Eo@sohnemann.github.com
Matariki,2022-06-24,00:00,2022-06-25,00:00,20220129T042448Z,MATARIKI,20240813T112838-5BkVRkjMDFF9ZiMz@sohnemann.github.com
Labour Day,2022-10-24,00:00,2022-10-25,00:00,20220129T042448Z,LABOURDAY,20240813T112838-cl99I1S01Mx4GAWb@sohnemann.github.com
Christmas Day,2022-12-25,00:00,2022-12-26,00:00,20220129T042448Z,CHRISTMAS,20240813T112838-ZlqVBC7QXLTJHhrj@sohnemann.github.com
Christmas Day (Tuesdayised),2022-12-27,00:00,2022-12-28,00:00,20220129T042448Z,CHRISTMAS,20240813T112838-MKknldNLq3hqKWm9@sohnemann.github.com
Boxing Day,2022-12-26,00:00,2022-12-27,00:00,20220129T042448Z,CHRISTMAS,20240813T112838-i4ZcC11lbk8138Y5@sohnemann.github.com
Wellington Anniversary,2022-01-24,00:00,2022-01-25,00:00,20220129T042448Z,WELLINGTONANNIVERSARY,20240813T112838-J4YbC7ZbSgObIagK@sohnemann.github.com
Auckland Anniversary,2022-01-31,00:00,2022-02-01,00:00,20220129T042448Z,AUCKLANDANNIVERSARY,20240813T112838-YWOqkaJlipZ4ota3@sohnemann.github.com
Nelson Anniversary,2022-01-31,00:00,2022-02-01,00:00,20220129T042448Z,NELSONANNIVERSARY,20240813T112838-xVNfD58uE4WB5EoY@sohnemann.github.com
Taranaki Anniversary,2022-03-14,00:00,2022-03-15,00:00,20220129T042448Z,TARANAKIANNIVERSARY,20240813T112838-q3yO9HFncFo7hLQK@sohnemann.github.com
Otago Anniversary,2022-03-21,00:00,2022-03-22,00:00,20220129T042448Z,OTAGOANNIVERSARY,20240813T112838-w8Qjvj8VngcPibWG@sohnemann.github.com
Southland Anniversary,2022-04-19,00:00,2022-04-20,00:00,20220129T042448Z,SOUTHLANDANNIVERSARY,20240813T112838-XRavTslY5zytxcrt@sohnemann.github.com
Queen Elizabeth II Memorial Day,2022-09-26,00:00,2022-09-27,00:00,20220129T042448Z,QEIIMEMORIALDAY,20240813T112838-9595lJcze5seJeOp@sohnemann.github.com
South Canterbury Anniversary,2022-09-26,00:00,2022-09-27,00:00,20220129T042448Z,SOUTHCANTERBURYANNIVERSARY,20240813T112838-dmJizqvSy3ZhJtPR@sohnemann.github.com
Hawke's Bay Anniversary,2022-10-21,00:00,2022-10-22,00:00,20220129T042448Z,HAWKESBAYANNIVERSARY,20240813T112838-RYjj0Qlf8tf8XTI8@sohnemann.github.com
Marlborough Anniversary,2022-10-31,00:00,2022-11-01,00:00,20220129T042448Z,MARLBOROUGHANNIVERSARY,20240813T112838-Fj8NmaRHsjUUXdfv@sohnemann.github.com
Canterbury Anniversary,2022-11-11,00:00,2022-11-12,00:00,20220129T042448Z,CANTERBURYANNIVERSARY,20240813T112838-3e2I89hDsfZNhbt7@sohnemann.github.com
Westland Anniversary,2022-11-28,00:00,2022-11-29,00:00,20220129T042448Z,WESTLANDANNIVERSARY,20240813T112838-Ddki0mJynSdoszCX@sohnemann.github.com
Chatham Islands Anniversary,2022-11-28,00:00,2022-11-29,00:00,20220129T042448Z,CHATHAMISLANDSANNIVERSARY,20240813T112838-NENAmiDw811SU82G@sohnemann.github.com
New Year's Day,2023-01-01,00:00,2023-01-02,00:00,20220129T042448Z,NEWYEARSDAY,20240813T112838-hISNIwThIxJDT914@sohnemann.github.com
New Year's Day (Tuesdayised),2023-01-03,00:00,2023-01-04,00:00,20220129T042448Z,NEWYEARSDAY,20240813T112838-3ERURWPJTjh1nhx7@sohnemann.github.com
Day after New Year's Day,2023-01-02,00:00,2023-01-03,00:00,20220129T042448Z,NEWYEARSDAY,20240813T112838-irj8ON9IWYblYv0v@sohnemann.github.com
Waitangi Day,2023-02-06,00:00,2023-02-07,00:00,20220129T042448Z,WAITANGIDAY,20240813T112838-v2gdqNC3GDMcE2XQ@sohnemann.github.com
Good Friday,2023-04-07,00:00,2023-04-08,00:00,20220129T042448Z,EASTER,20240813T112838-KuymeiC2xkwc7GBQ@sohnemann.github.com
Easter Monday,2023-04-10,00:00,2023-04-11,00:00,20220129T042448Z,EASTER,20240813T112838-jH8TsMwx7EL2w8ee@sohnemann.github.com
Anzac Day,2023-04-25,00:00,2023-04-26,00:00,20220129T042448Z,ANZACDAY,20240813T112838-viw62e8wfV3xqfUo@sohnemann.github.com
King's Birthday,2023-06-05,00:00,2023-06-06,00:00,20220129T042448Z,SOVEREIGNSBIRTHDAY,20240813T112838-MAycqjQvQ1KwCf1v@sohnemann.github.com
Matariki,2023-07-14,00:00,2023-07-15,00:00,20220129T042448Z,MATARIKI,20240813T112838-m86UV3HbYGRPjiWH@sohnemann.github.com
Labour Day,2023-10-23,00:00,2023-10-24,00:00,20220129T042448Z,LABOURDAY,20240813T112838-vP1Uv81B2MUc1kMr@sohnemann.github.com
Christmas Day,2023-12-25,00:00,2023-12-26,00:00,20220129T042448Z,CHRISTMAS,20240813T112838-7zWy3sXiF5bovDuI@sohnemann.github.com
Boxing Day,2023-12-26,00:00,2023-12-27,00:00,20220129T042448Z,CHRISTMAS,20240813T112838-awheU2qPcjo4YyE7@sohnemann.github.com
Wellington Anniversary,2023-01-23,00:00,2023-01-24,00:00,20220129T042448Z,WELLINGTONANNIVERSARY,20240813T112838-vkU8fTNy5Vbz43qO@sohnemann.github.com
Auckland Anniversary,2023-01-30,00:00,2023-01-31,00:00,20220129T042448Z,AUCKLANDANNIVERSARY,20240813T112838-4xiN5iO3vcrl7ArU@sohnemann.github.com
Nelson Anniversary,2023-01-30,00:00,2023-01-31,00:00,20220129T042448Z,NELSONANNIVERSARY,20240813T112838-yRolUIrn8eGxgMZE@sohnemann.github.com
Taranaki Anniversary,2023-03-13,00:00,2023-03-14,00:00,20220129T042448Z,TARANAKIANNIVERSARY,20240813T112838-V2m54daayLI5eaAJ@sohnemann.github.com
Otago Anniversary,2023-03-20,00:00,2023-03-21,00:00,20220129T042448Z,OTAGOANNIVERSARY,20240813T112838-gupGLgAFVvY57uyr@sohnemann.github.com
Southland Anniversary,2023-04-11,00:00,2023-04-12,00:00,20220129T042448Z,SOUTHLANDANNIVERSARY,20240813T112838-dmPRrurMDGXSulnc@sohnemann.github.com
South Canterbury Anniversary,2023-09-25,00:00,2023-09-26,00:00,20220129T042448Z,SOUTHCANTERBURYANNIVERSARY,20240813T112838-EEY326lb17czt30M@sohnemann.github.com
Hawke's Bay Anniversary,2023-10-20,00:00,2023-10-21,00:00,20220129T042448Z,HAWKESBAYANNIVERSARY,20240813T112838-ocFu4b4OIufNiTnM@sohnemann.github.com
Marlborough Anniversary,2023-10-30,00:00,2023-10-31,00:00,20220129T042448Z,MARLBOROUGHANNIVERSARY,20240813T112838-XFn9bt6wHZWZ2O6c@sohnemann.github.com
Canterbury Anniversary,2023-11-17,00:00,2023-11-18,00:00,20220129T042448Z,CANTERBURYANNIVERSARY,20240813T112838-bOd99fMdzdP9mso1@sohnemann.github.com
Chatham Islands Anniversary,2023-11-27,00:00,2023-11-28,00:00,20220129T042448Z,CHATHAMISLANDSANNIVERSARY,20240813T112838-TSr3rRkMhdRK3Il1@sohnemann.github.com
Westland Anniversary,2023-12-04,00:00,2023-12-05,00:00,20220129T042448Z,WESTLANDANNIVERSARY,20240813T112838-FecsTTtdFX4xqwXI@sohnemann.github.com
New Year's Day,2024-01-01,00:00,2024-01-02,00:00,20220129T042448Z,NEWYEARSDAY,20240813T112838-LbtRW0qYZY81sYUa@sohnemann.github.com
Day after New Year's Day,2024-01-02,00:00,2024-01-03,00:00,20220129T042448Z,NEWYEARSDAY,20240813T112838-F8rTTkwu9cOHRUY4@sohnemann.github.com
Waitangi Day,2024-02-06,00:00,2024-02-07,00:00,20220129T042448Z,WAITANGIDAY,20240813T112838-Jhndct6F42PT5S8i@sohnemann.github.com
Good Friday,2024-03-29,00:00,2024-03-30,00:00,20220129T042448Z,EASTER,20240813T112838-xBeHzqRoXBYJVQ80@sohnemann.github.com
Easter Monday,2024-04-01,00:00,2024-04-02,00:00,20220129T042448Z,EASTER,20240813T112838-6tCIUfUdnlLuI699@sohnemann.github.com
Anzac Day,2024-04-25,00:00,2024-04-26,00:00,20220129T042448Z,ANZACDAY,20240813T112838-bA6WUL6v4D1Vr5yt@sohnemann.github.com
King's Birthday,2024-06-03,00:00,2024-06-04,00:00,20220129T042448Z,SOVEREIGNSBIRTHDAY,20240813T112838-YtKaX5OL4mqWqzKK@sohnemann.github.com
Matariki,2024-06-28,00:00,2024-06-29,00:00,20220129T042448Z,MATARIKI,20240813T112838-r3tAsQC1g26M20B0@sohnemann.github.com
Labour Day,2024-10-28,00:00,2024-10-29,00:00,20220129T042448Z,LABOURDAY,20240813T112838-BXppJeyFBtEmgfbR@sohnemann.github.com
Christmas Day,2024-12-25,00:00,2024-12-26,00:00,20220129T042448Z,CHRISTMAS,20240813T112838-T4x6K8SZDROdVivD@sohnemann.github.com
Boxing Day,2024-12-26,00:00,2024-12-27,00:00,20220129T042448Z,CHRISTMAS,20240813T112838-GacIokEZPxRmUgxr@sohnemann.github.com
Wellington Anniversary,2024-01-22,00:00,2024-01-23,00:00,20220129T042448Z,WELLINGTONANNIVERSARY,20240813T112838-IsXVbqIXEIYuZGoJ@sohnemann.github.com
Auckland Anniversary,2024-01-29,00:00,2024-01-30,00:00,20220129T042448Z,AUCKLANDANNIVERSARY,20240813T112838-KeYlgH2RftUeOeCR@sohnemann.github.com
Nelson Anniversary,2024-01-29,00:00,2024-01-30,00:00,20220129T042448Z,NELSONANNIVERSARY,20240813T112838-VVquxmzESWWmD2V7@sohnemann.github.com
Taranaki Anniversary,2024-03-11,00:00,2024-03-12,00:00,20220129T042448Z,TARANAKIANNIVERSARY,20240813T112838-uonFjYimFOudhmjW@sohnemann.github.com
Otago Anniversary,2024-03-25,00:00,2024-03-26,00:00,20220129T042448Z,OTAGOANNIVERSARY,20240813T112838-H1TdHwB8JlytzNBb@sohnemann.github.com
Southland Anniversary,2024-04-02,00:00,2024-04-03,00:00,20220129T042448Z,SOUTHLANDANNIVERSARY,20240813T112838-QnZ642X3UbPJZh15@sohnemann.github.com
South Canterbury Anniversary,2024-09-23,00:00,2024-09-24,00:00,20220129T042448Z,SOUTHCANTERBURYANNIVERSARY,20240813T112838-0CUw5HuNp6ZMlU52@sohnemann.github.com
Hawke's Bay Anniversary,2024-10-25,00:00,2024-10-26,00:00,20220129T042448Z,HAWKESBAYANNIVERSARY,20240813T112838-licNVHEQ3LVGNGBE@sohnemann.github.com
Marlborough Anniversary,2024-11-04,00:00,2024-11-05,00:00,20220129T042448Z,MARLBOROUGHANNIVERSARY,20240813T112838-NTLYSHJeYRp3Eacu@sohnemann.github.com
Canterbury Anniversary,2024-11-15,00:00,2024-11-16,00:00,20220129T042448Z,CANTERBURYANNIVERSARY,20240813T112838-QdEFx12VwOXMP7vL@sohnemann.github.com
Westland Anniversary,2024-12-02,00:00,2024-12-03,00:00,20220129T042448Z,WESTLANDANNIVERSARY,20240813T112838-ZxCN0WtvSxHYy3bR@sohnemann.github.com
Chatham Islands Anniversary,2024-12-02,00:00,2024-12-03,00:00,20220129T042448Z,CHATHAMISLANDSANNIVERSARY,20240813T112838-Y5pf3QoPpLX4nYSu@sohnemann.github.com
New Year's Day,2025-01-01,00:00,2025-01-02,00:00,20220129T042448Z,NEWYEARSDAY,20240813T112838-kMnnLRsvEDxrBAgt@sohnemann.github.com
Day after New Year's Day,2025-01-02,00:00,2025-01-03,00:00,20220129T042448Z,NEWYEARSDAY,20240813T112838-rgRFgk03ssdoI6k4@sohnemann.github.com
Waitangi Day,2025-02-06,00:00,2025-02-07,00:00,20220129T042448Z,WAITANGIDAY,20240813T112838-sepr6W8WAf2eFDB2@sohnemann.github.com
Good Friday,2025-04-18,00:00,2025-04-19,00:00,20220129T042448Z,EASTER,20240813T112838-Y5EXfJeT5zhvN53I@sohnemann.github.com
Easter Monday,2025-04-21,00:00,2025-04-22,00:00,20220129T042448Z,EASTER,20240813T112838-MSr2FNK5N8DHoXrH@sohnemann.github.com
Anzac Day,2025-04-25,00:00,2025-04-26,00:00,20220129T042448Z,ANZACDAY,20240813T112838-cp4FoZYn6bdg91rW@sohnemann.github.com
King's Birthday,2025-06-02,00:00,2025-06-03,00:00,20220129T042448Z,SOVEREIGNSBIRTHDAY,20240813T112838-ou6lISU1KhC4qo8n@sohnemann.github.com
Matariki,2025-06-20,00:00,2025-06-21,00:00,20220129T042448Z,MATARIKI,20240813T112838-xLC4fSst3ssb9IXJ@sohnemann.github.com
Labour Day,2025-10-27,00:00,2025-10-28,00:00,20220129T042448Z,LABOURDAY,20240813T112838-bsg0FmaCxFmVAOGH@sohnemann.github.com
Christmas Day,2025-12-25,00:00,2025-12-26,00:00,20220129T042448Z,CHRISTMAS,20240813T112838-2Xpwrzbz4hFUb0ht@sohnemann.github.com
Boxing Day,2025-12-26,00:00,2025-12-27,00:00,20220129T042448Z,CHRISTMAS,20240813T112838-vHTbnPGDGRP2I1Ix@sohnemann.github.com
Wellington Anniversary,2025-01-20,00:00,2025-01-21,00:00,20220129T042448Z,WELLINGTONANNIVERSARY,20240813T112838-rGGbln5P3F6Z5liF@sohnemann.github.com
Auckland Anniversary,2025-01-27,00:00,2025-01-28,00:00,20220129T042448Z,AUCKLANDANNIVERSARY,20240813T112838-gYYCsEfE6a0nbsRX@sohnemann.github.com
Nelson Anniversary,2025-02-03,00:00,2025-02-04,00:00,20220129T042448Z,NELSONANNIVERSARY,20240813T112838-A7M8OygoC5ShR4QS@sohnemann.github.com
Taranaki Anniversary,2025-03-10,00:00,2025-03-11,00:00,20220129T042448Z,TARANAKIANNIVERSARY,20240813T112838-V9W4hsU17r24eA45@sohnemann.github.com
Otago Anniversary,2025-03-24,00:00,2025-03-25,00:00,20220129T042448Z,OTAGOANNIVERSARY,20240813T112838-k4mNIADcAwJp6doU@sohnemann.github.com
Southland Anniversary,2025-04-22,00:00,2025-04-23,00:00,20220129T042448Z,SOUTHLANDANNIVERSARY,20240813T112838-i1KK6vBzCy2z2QtL@sohnemann.github.com
South Canterbury Anniversary,2025-09-22,00:00,2025-09-23,00:00,20220129T042448Z,SOUTHCANTERBURYANNIVERSARY,20240813T112838-cDZygsip8KIADcuK@sohnemann.github.com
Hawke's Bay Anniversary,2025-10-24,00:00,2025-10-25,00:00,20220129T042448Z,HAWKESBAYANNIVERSARY,20240813T112838-aEUMI1ykrKJWTYEh@sohnemann.github.com
Marlborough Anniversary,2025-11-03,00:00,2025-11-04,00:00,20220129T042448Z,MARLBOROUGHANNIVERSARY,20240813T112838-nsLnvlAYocMs6CbE@sohnemann.github.com
Canterbury Anniversary,2025-11-14,00:00,2025-11-15,00:00,20220129T042448Z,CANTERBURYANNIVERSARY,20240813T112838-nhjt5wbZQsq64YBw@sohnemann.github.com
Westland Anniversary,2025-12-01,00:00,2025-12-02,00:00,20220129T042448Z,WESTLANDANNIVERSARY,20240813T112838-9nlkwUUk9qNTQD5w@sohnemann.github.com
Chatham Islands Anniversary,2025-12-01,00:00,2025-12-02,00:00,20220129T042448Z,CHATHAMISLANDSANNIVERSARY,20240813T112838-MF3W0LW1cqI9RTM9@sohnemann.github.com
New Year's Day,2026-01-01,00:00,2026-01-02,00:00,20220129T042448Z,NEWYEARSDAY,20240813T112838-F4TU34I0s1txcUbO@sohnemann.github.com
Day after New Year's Day,2026-01-02,00:00,2026-01-03,00:00,20220129T042448Z,NEWYEARSDAY,20240813T112838-Maz5QThThXGtxSGV@sohnemann.github.com
Waitangi Day,2026-02-06,00:00,2026-02-07,00:00,20220129T042448Z,WAITANGIDAY,20240813T112838-mOBkAkCWVemffZmK@sohnemann.github.com
Good Friday,2026-04-03,00:00,2026-04-04,00:00,20220129T042448Z,EASTER,20240813T112838-6XaRksUsOEC4ibtS@sohnemann.github.com
Easter Monday,2026-04-06,00:00,2026-04-07,00:00,20220129T042448Z,EASTER,20240813T112838-ZEsfRCinyt4EJUzM@sohnemann.github.com
Anzac Day,2026-04-25,00:00,2026-04-26,00:00,20220129T042448Z,ANZACDAY,20240813T112838-X2IgkHn5gK99fzl9@sohnemann.github.com
Anzac Day (Mondayised),2026-04-27,00:00,2026-04-28,00:00,20220129T042448Z,ANZACDAY,20240813T112838-YPqCp07K7sVDlb9L@sohnemann.github.com
King's Birthday,2026-06-01,00:00,2026-06-02,00:00,20220129T042448Z,SOVEREIGNSBIRTHDAY,20240813T112838-h4Eq8ofeYjJFtZ29@sohnemann.github.com
Matariki,2026-07-10,00:00,2026-07-11,00:00,20220129T042448Z,MATARIKI,20240813T112838-PIc2o4J0DxEZcmAl@sohnemann.github.com
Labour Day,2026-10-26,00:00,2026-10-27,00:00,20220129T042448Z,LABOURDAY,20240813T112838-5PllAYuqmJp0qjUu@sohnemann.github.com
Christmas Day,2026-12-25,00:00,2026-12-26,00:00,20220129T042448Z,CHRISTMAS,20240813T112838-FzL6P6P2pD0JaHnj@sohnemann.github.com
Boxing Day,2026-12-26,00:00,2026-12-27,00:00,20220129T042448Z,CHRISTMAS,20240813T112838-bCrs1PAoqyeQCBZm@sohnemann.github.com
Boxing Day (Mondayised),2026-12-28,00:00,2026-12-29,00:00,20220129T042448Z,CHRISTMAS,20240813T112838-jVCGjz3uT9rv7Nul@sohnemann.github.com
Wellington Anniversary,2026-01-19,00:00,2026-01-20,00:00,20220129T042448Z,WELLINGTONANNIVERSARY,20240813T112838-rpZcHacNyo2vChP2@sohnemann.github.com
Auckland Anniversary,2026-01-26,00:00,2026-01-27,00:00,20220129T042448Z,AUCKLANDANNIVERSARY,20240813T112838-bvYiLQZnjlGKlpmh@sohnemann.github.com
Nelson Anniversary,2026-02-02,00:00,2026-02-03,00:00,20220129T042448Z,NELSONANNIVERSARY,20240813T112838-Ht4SWOQS4Xb1GhW4@sohnemann.github.com
Taranaki Anniversary,2026-03-09,00:00,2026-03-10,00:00,20220129T042448Z,TARANAKIANNIVERSARY,20240813T112838-V7Jl3E5JX9BtOuDR@sohnemann.github.com
Otago Anniversary,2026-03-23,00:00,2026-03-24,00:00,20220129T042448Z,OTAGOANNIVERSARY,20240813T112838-qPtFqZpKktorBA49@sohnemann.github.com
Southland Anniversary,2026-04-07,00:00,2026-04-08,00:00,20220129T042448Z,SOUTHLANDANNIVERSARY,20240813T112838-SmrN8BzK83xtbHXw@sohnemann.github.com
South Canterbury Anniversary,2026-09-28,00:00,2026-09-29,00:00,20220129T042448Z,SOUTHCANTERBURYANNIVERSARY,20240813T112838-BMTswBbgsUyXb5Q8@sohnemann.github.com
Hawke's Bay Anniversary,2026-10-23,00:00,2026-10-24,00:00,20220129T042448Z,HAWKESBAYANNIVERSARY,20240813T112838-2SWcCyO2s1sDv1xR@sohnemann.github.com
Marlborough Anniversary,2026-11-02,00:00,2026-11-03,00:00,20220129T042448Z,MARLBOROUGHANNIVERSARY,20240813T112838-2BCkZwSY7OPBPSAO@sohnemann.github.com
Canterbury Anniversary,2026-11-13,00:00,2026-11-14,00:00,20220129T042448Z,CANTERBURYANNIVERSARY,20240813T112838-mAH8yLl4xpwacwMN@sohnemann.github.com
Westland Anniversary,2026-11-30,00:00,2026-12-01,00:00,20220129T042448Z,WESTLANDANNIVERSARY,20240813T112838-dJq4uGbIUMgejVSK@sohnemann.github.com
Chatham Islands Anniversary,2026-11-30,00:00,2026-12-01,00:00,20220129T042448Z,CHATHAMISLANDSANNIVERSARY,20240813T112838-oLSZ8NCtSD2K0HXB@sohnemann.github.com
New Year's Day,2027-01-01,00:00,2027-01-02,00:00,20220129T042448Z,NEWYEARSDAY,20240813T112838-M16VSonbkNmiqw7M@sohnemann.github.com
Day after New Year's Day,2027-01-02,00:00,2027-01-03,00:00,20220129T042448Z,NEWYEARSDAY,20240813T112838-vJVF9I5RET76wQQg@sohnemann.github.com
Day after New Year's Day (Mondayised),2027-01-04,00:00,2027-01-05,00:00,20220129T042448Z,NEWYEARSDAY,20240813T112838-gccKuhZhb6Bt8uwx@sohnemann.github.com
Waitangi Day,2027-02-06,00:00,2027-02-07,00:00,20220129T042448Z,WAITANGIDAY,20240813T112838-1KMSHcowz4kqG0PF@sohnemann.github.com
Waitangi Day (Mondayised),2027-02-08,00:00,2027-02-09,00:00,20220129T042448Z,WAITANGIDAY,20240813T112838-vnthpqoWoQK21dXx@sohnemann.github.com
Good Friday,2027-03-26,00:00,2027-03-27,00:00,20220129T042448Z,EASTER,20240813T112838-6XMeQs53n7BT4JXk@sohnemann.github.com
Easter Monday,2027-03-29,00:00,2027-03-30,00:00,20220129T042448Z,EASTER,20240813T112838-JmCd2DQ5zzrdOA0s@sohnemann.github.com
Anzac Day,2027-04-25,00:00,2027-04-26,00:00,20220129T042448Z,ANZACDAY,20240813T112838-s6JwFR8Pwn7FcI9t@sohnemann.github.com
Anzac Day (Mondayised),2027-04-26,00:00,2027-04-27,00:00,20220129T042448Z,ANZACDAY,20240813T112838-ti60MfZGJcAtWwrb@sohnemann.github.com
King's Birthday,2027-06-07,00:00,2027-06-08,00:00,20220129T042448Z,SOVEREIGNSBIRTHDAY,20240813T112838-cvgSz2ERQhwcWJxq@sohnemann.github.com
Matariki,2027-06-25,00:00,2027-06-26,00:00,20220129T042448Z,MATARIKI,20240813T112838-Luj7drT6zSBg3DlG@sohnemann.github.com
Labour Day,2027-10-25,00:00,2027-10-26,00:00,20220129T042448Z,LABOURDAY,20240813T112838-cuyZtv00JQihuGlB@sohnemann.github.com
Christmas Day,2027-12-25,00:00,2027-12-26,00:00,20220129T042448Z,CHRISTMAS,20240813T112838-feuIyfLX7GS4glkC@sohnemann.github.com
Christmas Day (Mondayised),2027-12-27,00:00,2027-12-28,00:00,20220129T042448Z,CHRISTMAS,20240813T112838-EgMKZ9WjnJXFM1k3@sohnemann.github.com
Boxing Day,2027-12-26,00:00,2027-12-27,00:00,20220129T042448Z,CHRISTMAS,20240813T112838-z9l1TObpWQeHqfhI@sohnemann.github.com
Boxing Day (Mondayised),2027-12-28,00:00,2027-12-29,00:00,20220129T042448Z,CHRISTMAS,20240813T112838-KYR7itnZOHuLu3Yl@sohnemann.github.com
Wellington Anniversary,2027-01-25,00:00,2027-01-26,00:00,20220129T042448Z,WELLINGTONANNIVERSARY,20240813T112838-c8avlLsJykCls0Id@sohnemann.github.com
Auckland Anniversary,2027-02-01,00:00,2027-02-02,00:00,20220129T042448Z,AUCKLANDANNIVERSARY,20240813T112838-1sFKwetsZtupUqmN@sohnemann.github.com
Nelson Anniversary,2027-02-01,00:00,2027-02-02,00:00,20220129T042448Z,NELSONANNIVERSARY,20240813T112838-0aQSoUDnec6I1GrS@sohnemann.github.com
Taranaki Anniversary,2027-03-08,00:00,2027-03-09,00:00,20220129T042448Z,TARANAKIANNIVERSARY,20240813T112838-mdcjH5oGvlxBo9QA@sohnemann.github.com
Otago Anniversary,2027-03-22,00:00,2027-03-23,00:00,20220129T042448Z,OTAGOANNIVERSARY,20240813T112838-z0IpVj1cHm10cvWT@sohnemann.github.com
Southland Anniversary,2027-03-30,00:00,2027-03-31,00:00,20220129T042448Z,SOUTHLANDANNIVERSARY,20240813T112838-tlPzcJBo0oV5MdtM@sohnemann.github.com
South Canterbury Anniversary,2027-09-27,00:00,2027-09-28,00:00,20220129T042448Z,SOUTHCANTERBURYANNIVERSARY,20240813T112838-vggwGKypDwdyahNV@sohnemann.github.com
Hawke's Bay Anniversary,2027-10-22,00:00,2027-10-23,00:00,20220129T042448Z,HAWKESBAYANNIVERSARY,20240813T112838-iAics93GU0uY5cnw@sohnemann.github.com
Marlborough Anniversary,2027-11-01,00:00,2027-11-02,00:00,20220129T042448Z,MARLBOROUGHANNIVERSARY,20240813T112838-33GbJnFr3qo4zKCl@sohnemann.github.com
Canterbury Anniversary,2027-11-12,00:00,2027-11-13,00:00,20220129T042448Z,CANTERBURYANNIVERSARY,20240813T112838-Psbm7jgRzCPBbxQa@sohnemann.github.com
Westland Anniversary,2027-11-29,00:00,2027-11-30,00:00,20220129T042448Z,WESTLANDANNIVERSARY,20240813T112838-ixy2qsF6OKBwnLmh@sohnemann.github.com
Chatham Islands Anniversary,2027-11-29,00:00,2027-11-30,00:00,20220129T042448Z,CHATHAMISLANDSANNIVERSARY,20240813T112838-XsMvuzpcvqZXaRnv@sohnemann.github.com
New Year's Day,2028-01-01,00:00,2028-01-02,00:00,20220129T042448Z,NEWYEARSDAY,20240813T112838-69Ms4Gq2y7M98k9V@sohnemann.github.com
New Year's Day (Mondayised),2028-01-03,00:00,2028-01-04,00:00,20220129T042448Z,NEWYEARSDAY,20240813T112838-EaMYICQjEOjLT81a@sohnemann.github.com
Day after New Year's Day,2028-01-02,00:00,2028-01-03,00:00,20220129T042448Z,NEWYEARSDAY,20240813T112838-kdF9mwhb8lbIFEcy@sohnemann.github.com
Day after New Year's Day (Tuesdayised),2028-01-04,00:00,2028-01-05,00:00,20220129T042448Z,NEWYEARSDAY,20240813T112838-zsWRej4ISF6sQZIE@sohnemann.github.com
Waitangi Day,2028-02-06,00:00,2028-02-07,00:00,20220129T042448Z,WAITANGIDAY,20240813T112838-4Nt2WHQVxvC2kdQG@sohnemann.github.com
Waitangi Day (Mondayised),2028-02-07,00:00,2028-02-08,00:00,20220129T042448Z,WAITANGIDAY,20240813T112838-SwJl3JiWedz9ATBs@sohnemann.github.com
Good Friday,2028-04-14,00:00,2028-04-15,00:00,20220129T042448Z,EASTER,20240813T112838-8CcWowXFtdrMI8Tf@sohnemann.github.com
Easter Monday,2028-04-17,00:00,2028-04-18,00:00,20220129T042448Z,EASTER,20240813T112838-G2iOURn4goUOOmHn@sohnemann.github.com
Anzac Day,2028-04-25,00:00,2028-04-26,00:00,20220129T042448Z,ANZACDAY,20240813T112838-wWaFnzMGerxSIoLr@sohnemann.github.com
King's Birthday,2028-06-05,00:00,2028-06-06,00:00,20220129T042448Z,SOVEREIGNSBIRTHDAY,20240813T112838-EqJpWCPUs5Bqk1An@sohnemann.github.com
Matariki,2028-07-14,00:00,2028-07-15,00:00,20220129T042448Z,MATARIKI,20240813T112838-c0IbmXe7tXdkyUat@sohnemann.github.com
Labour Day,2028-10-23,00:00,2028-10-24,00:00,20220129T042448Z,LABOURDAY,20240813T112838-m55AiS3No0sV967x@sohnemann.github.com
Christmas Day,2028-12-25,00:00,2028-12-26,00:00,20220129T042448Z,CHRISTMAS,20240813T112838-7vq8WHbzxZnBIZEs@sohnemann.github.com
Boxing Day,2028-12-26,00:00,2028-12-27,00:00,20220129T042448Z,CHRISTMAS,20240813T112838-8nRkoHixhO8JvFuW@sohnemann.github.com
Wellington Anniversary,2028-01-24,00:00,2028-01-25,00:00,20220129T042448Z,WELLINGTONANNIVERSARY,20240813T112838-gd1jRgkSLXa5ohKN@sohnemann.github.com
Auckland Anniversary,2028-01-31,00:00,2028-02-01,00:00,20220129T042448Z,AUCKLANDANNIVERSARY,20240813T112838-rO6WJbwxiBYD68VR@sohnemann.github.com
Nelson Anniversary,2028-01-31,00:00,2028-02-01,00:00,20220129T042448Z,NELSONANNIVERSARY,20240813T112838-nwpEbJE6aMKp6let@sohnemann.github.com
Taranaki Anniversary,2028-03-13,00:00,2028-03-14,00:00,20220129T042448Z,TARANAKIANNIVERSARY,20240813T112838-YzqMLKbP1tgqC1kZ@sohnemann.github.com
Otago Anniversary,2028-03-20,00:00,2028-03-21,00:00,20220129T042448Z,OTAGOANNIVERSARY,20240813T112838-VpIeIilvN6IHoXaO@sohnemann.github.com
Southland Anniversary,2028-04-18,00:00,2028-04-19,00:00,20220129T042448Z,SOUTHLANDANNIVERSARY,20240813T112838-DQ5dlNcbutYP1PtY@sohnemann.github.com
South Canterbury Anniversary,2028-09-25,00:00,2028-09-26,00:00,20220129T042448Z,SOUTHCANTERBURYANNIVERSARY,20240813T112838-QZj9UodsZ4hIddGY@sohnemann.github.com
Hawke's Bay Anniversary,2028-10-20,00:00,2028-10-21,00:00,20220129T042448Z,HAWKESBAYANNIVERSARY,20240813T112838-8bkpjQn5RFlNva3M@sohnemann.github.com
Marlborough Anniversary,2028-10-30,00:00,2028-10-31,00:00,20220129T042448Z,MARLBOROUGHANNIVERSARY,20240813T112838-HCxl0Ldwe1xDlIeB@sohnemann.github.com
Canterbury Anniversary,2028-11-17,00:00,2028-11-18,00:00,20220129T042448Z,CANTERBURYANNIVERSARY,20240813T112838-bhP1lX6jvv7FY3Ef@sohnemann.github.com
Chatham Islands Anniversary,2028-11-27,00:00,2028-11-28,00:00,20220129T042448Z,CHATHAMISLANDSANNIVERSARY,20240813T112838-gKkMtWhn6NApsWtU@sohnemann.github.com
Westland Anniversary,2028-12-04,00:00,2028-12-05,00:00,20220129T042448Z,WESTLANDANNIVERSARY,20240813T112838-PXnXrqBrmQCZg8YQ@sohnemann.github.com
New Year's Day,2029-01-01,00:00,2029-01-02,00:00,20220129T042448Z,NEWYEARSDAY,20240813T112838-JDrZubTaom7tDoCh@sohnemann.github.com
Day after New Year's Day,2029-01-02,00:00,2029-01-03,00:00,20220129T042448Z,NEWYEARSDAY,20240813T112838-vIAxrEoKBT39yUMR@sohnemann.github.com
Waitangi Day,2029-02-06,00:00,2029-02-07,00:00,20220129T042448Z,WAITANGIDAY,20240813T112838-1yePxwG1XgMSvNdG@sohnemann.github.com
Good Friday,2029-03-30,00:00,2029-03-31,00:00,20220129T042448Z,EASTER,20240813T112838-slUUCZM0l3XApHnI@sohnemann.github.com
Easter Monday,2029-04-02,00:00,2029-04-03,00:00,20220129T042448Z,EASTER,20240813T112838-NtedzTQMltUPuvqF@sohnemann.github.com
Anzac Day,2029-04-25,00:00,2029-04-26,00:00,20220129T042448Z,ANZACDAY,20240813T112838-NY5AX7iHxc8yZK6T@sohnemann.github.com
King's Birthday,2029-06-04,00:00,2029-06-05,00:00,20220129T042448Z,SOVEREIGNSBIRTHDAY,20240813T112838-wfNJZIjN5jnUNLER@sohnemann.github.com
Matariki,2029-07-06,00:00,2029-07-07,00:00,20220129T042448Z,MATARIKI,20240813T112838-977Ti5TQry2JMdFw@sohnemann.github.com
Labour Day,2029-10-22,00:00,2029-10-23,00:00,20220129T042448Z,LABOURDAY,20240813T112838-1HSoySg79CEtIQl3@sohnemann.github.com
Christmas Day,2029-12-25,00:00,2029-12-26,00:00,20220129T042448Z,CHRISTMAS,20240813T112838-8LdJSgHa5gALdGjS@sohnemann.github.com
Boxing Day,2029-12-26,00:00,2029-12-27,00:00,20220129T042448Z,CHRISTMAS,20240813T112838-kusQanDioPkYNYKC@sohnemann.github.com
Wellington Anniversary,2029-01-22,00:00,2029-01-23,00:00,20220129T042448Z,WELLINGTONANNIVERSARY,20240813T112838-qczCNwXZoxBKUkYr@sohnemann.github.com
Auckland Anniversary,2029-01-29,00:00,2029-01-30,00:00,20220129T042448Z,AUCKLANDANNIVERSARY,20240813T112838-qbqvFmKw0KxmljXT@sohnemann.github.com
Nelson Anniversary,2029-01-29,00:00,2029-01-30,00:00,20220129T042448Z,NELSONANNIVERSARY,20240813T112838-5APtQf9sCUJeCLPG@sohnemann.github.com
Taranaki Anniversary,2029-03-12,00:00,2029-03-13,00:00,20220129T042448Z,TARANAKIANNIVERSARY,20240813T112838-x0JQAQSRqgSUIv9Z@sohnemann.github.com
Otago Anniversary,2029-03-26,00:00,2029-03-27,00:00,20220129T042448Z,OTAGOANNIVERSARY,20240813T112838-6Xrle2nOyi0a94zZ@sohnemann.github.com
Southland Anniversary,2029-04-03,00:00,2029-04-04,00:00,20220129T042448Z,SOUTHLANDANNIVERSARY,20240813T112838-BtQPqbTACe729bNa@sohnemann.github.com
South Canterbury Anniversary,2029-09-24,00:00,2029-09-25,00:00,20220129T042448Z,SOUTHCANTERBURYANNIVERSARY,20240813T112838-ysxHphncC4BdGDrx@sohnemann.github.com
Hawke's Bay Anniversary,2029-10-19,00:00,2029-10-20,00:00,20220129T042448Z,HAWKESBAYANNIVERSARY,20240813T112838-8MwMs1eiQj20qNp1@sohnemann.github.com
Marlborough Anniversary,2029-10-29,00:00,2029-10-30,00:00,20220129T042448Z,MARLBOROUGHANNIVERSARY,20240813T112838-7V10WywaJfRZoyON@sohnemann.github.com
Canterbury Anniversary,2029-11-16,00:00,2029-11-17,00:00,20220129T042448Z,CANTERBURYANNIVERSARY,20240813T112838-CJHuSSGk0nWNu2jD@sohnemann.github.com
Chatham Islands Anniversary,2029-12-03,00:00,2029-12-04,00:00,20220129T042448Z,CHATHAMISLANDSANNIVERSARY,20240813T112838-axWcT7Oo5Wtbdx0t@sohnemann.github.com
Westland Anniversary,2029-12-03,00:00,2029-12-04,00:00,20220129T042448Z,WESTLANDANNIVERSARY,20240813T112838-3I3AXUo4vZ6rnkuw@sohnemann.github.com
New Year's Day,2030-01-01,00:00,2030-01-02,00:00,20220129T042448Z,NEWYEARSDAY,20240813T112838-kTbQWyt1nUFshcj9@sohnemann.github.com
Day after New Year's Day,2030-01-02,00:00,2030-01-03,00:00,20220129T042448Z,NEWYEARSDAY,20240813T112838-NHMx1NrhuHMpr3TL@sohnemann.github.com
Waitangi Day,2030-02-06,00:00,2030-02-07,00:00,20220129T042448Z,WAITANGIDAY,20240813T112838-mb1zfrsX5Zz18e56@sohnemann.github.com
Good Friday,2030-04-19,00:00,2030-04-20,00:00,20220129T042448Z,EASTER,20240813T112838-2Gb5XVAcXTKi1449@sohnemann.github.com
Easter Monday,2030-04-22,00:00,2030-04-23,00:00,20220129T042448Z,EASTER,20240813T112838-biLxLoxRvSjl19pq@sohnemann.github.com
Anzac Day,2030-04-25,00:00,2030-04-26,00:00,20220129T042448Z,ANZACDAY,20240813T112838-fweC1Jg3gxzeNVgT@sohnemann.github.com
King's Birthday,2030-06-03,00:00,2030-06-04,00:00,20220129T042448Z,SOVEREIGNSBIRTHDAY,20240813T112838-gIu9E36OsZ4Hk2Y4@sohnemann.github.com
Matariki,2030-06-21,00:00,2030-06-22,00:00,20220129T042448Z,MATARIKI,20240813T112838-eZ1V0TplU1QmyqFI@sohnemann.github.com
Labour Day,2030-10-28,00:00,2030-10-29,00:00,20220129T042448Z,LABOURDAY,20240813T112838-3lBbryr5LmZbXBH1@sohnemann.github.com
Christmas Day,2030-12-25,00:00,2030-12-26,00:00,20220129T042448Z,CHRISTMAS,20240813T112838-eMf2z4QziaFvzEwc@sohnemann.github.com
Boxing Day,2030-12-26,00:00,2030-12-27,00:00,20220129T042448Z,CHRISTMAS,20240813T112838-Bu4elKYcAOeKAWjY@sohnemann.github.com
Wellington Anniversary,2030-01-21,00:00,2030-01-22,00:00,20220129T042448Z,WELLINGTONANNIVERSARY,20240813T112838-f0YfwCqukPOMPeEl@sohnemann.github.com
Auckland Anniversary,2030-01-28,00:00,2030-01-29,00:00,20220129T042448Z,AUCKLANDANNIVERSARY,20240813T112838-h0uqt50ar8BRHYJS@sohnemann.github.com
Nelson Anniversary,2030-02-04,00:00,2030-02-05,00:00,20220129T042448Z,NELSONANNIVERSARY,20240813T112838-FT2wYa7OBLej28V1@sohnemann.github.com
Taranaki Anniversary,2030-03-11,00:00,2030-03-12,00:00,20220129T042448Z,TARANAKIANNIVERSARY,20240813T112838-wsh1znoIXsruM0P8@sohnemann.github.com
Otago Anniversary,2030-03-25,00:00,2030-03-26,00:00,20220129T042448Z,OTAGOANNIVERSARY,20240813T112838-cSDApi7aAPnN6QK3@sohnemann.github.com
Southland Anniversary,2030-04-23,00:00,2030-04-24,00:00,20220129T042448Z,SOUTHLANDANNIVERSARY,20240813T112838-OMBtt0DUlFU0Wx22@sohnemann.github.com
South Canterbury Anniversary,2030-09-23,00:00,2030-09-24,00:00,20220129T042448Z,SOUTHCANTERBURYANNIVERSARY,20240813T112838-0QP64kHeOCE9rdvq@sohnemann.github.com
Hawke's Bay Anniversary,2030-10-25,00:00,2030-10-26,00:00,20220129T042448Z,HAWKESBAYANNIVERSARY,20240813T112838-KvggSwbMdfkBgCEa@sohnemann.github.com
Marlborough Anniversary,2030-11-04,00:00,2030-11-05,00:00,20220129T042448Z,MARLBOROUGHANNIVERSARY,20240813T112838-tGuOtH9CEjEkr2ZZ@sohnemann.github.com
Canterbury Anniversary,2030-11-15,00:00,2030-11-16,00:00,20220129T042448Z,CANTERBURYANNIVERSARY,20240813T112838-tb4MPuh9hBANUiBD@sohnemann.github.com
Chatham Islands Anniversary,2030-12-02,00:00,2030-12-03,00:00,20220129T042448Z,CHATHAMISLANDSANNIVERSARY,20240813T112838-101jTvNHpe5cc4oO@sohnemann.github.com
Westland Anniversary,2030-12-02,00:00,2030-12-03,00:00,20220129T042448Z,WESTLANDANNIVERSARY,20240813T112838-uTYd106DZ6Wt5dP1@sohnemann.github.com
New Year's Day,2031-01-01,00:00,2031-01-02,00:00,20220129T042448Z,NEWYEARSDAY,20240813T112838-1ACxxqQlRwas7sGI@sohnemann.github.com
Day after New Year's Day,2031-01-02,00:00,2031-01-03,00:00,20220129T042448Z,NEWYEARSDAY,20240813T112838-oR44GNbjg8DYX3hj@sohnemann.github.com
Waitangi Day,2031-02-06,00:00,2031-02-07,00:00,20220129T042448Z,WAITANGIDAY,20240813T112838-FMoyZEupqlEX5khu@sohnemann.github.com
Good Friday,2031-04-11,00:00,2031-04-12,00:00,20220129T042448Z,EASTER,20240813T112838-fTHafOpH8Eq5n5uN@sohnemann.github.com
Easter Monday,2031-04-14,00:00,2031-04-15,00:00,20220129T042448Z,EASTER,20240813T112838-jFT5qNYRK5gr44gP@sohnemann.github.com
Anzac Day,2031-04-25,00:00,2031-04-26,00:00,20220129T042448Z,ANZACDAY,20240813T112838-DVtBZNNJZazXODea@sohnemann.github.com
King's Birthday,2031-06-02,00:00,2031-06-03,00:00,20220129T042448Z,SOVEREIGNSBIRTHDAY,20240813T112838-mmHnACIMeSyK4lrD@sohnemann.github.com
Matariki,2031-07-11,00:00,2031-07-12,00:00,20220129T042448Z,MATARIKI,20240813T112838-2ETqWqROc4Vh9sDf@sohnemann.github.com
Labour Day,2031-10-27,00:00,2031-10-28,00:00,20220129T042448Z,LABOURDAY,20240813T112838-qWnnwGBbDV33LShB@sohnemann.github.com
Christmas Day,2031-12-25,00:00,2031-12-26,00:00,20220129T042448Z,CHRISTMAS,20240813T112838-cbfBnRirkXLuJwyX@sohnemann.github.com
Boxing Day,2031-12-26,00:00,2031-12-27,00:00,20220129T042448Z,CHRISTMAS,20240813T112838-DMxVJyxMzPFfbINk@sohnemann.github.com
Wellington Anniversary,2031-01-20,00:00,2031-01-21,00:00,20220129T042448Z,WELLINGTONANNIVERSARY,20240813T112838-ZGe1SD1ysYhDI6bd@sohnemann.github.com
Auckland Anniversary,2031-01-27,00:00,2031-01-28,00:00,20220129T042448Z,AUCKLANDANNIVERSARY,20240813T112838-fM4IBU78A65Jdbed@sohnemann.github.com
Nelson Anniversary,2031-02-03,00:00,2031-02-04,00:00,20220129T042448Z,NELSONANNIVERSARY,20240813T112838-VMHqyBxUPyof7jZK@sohnemann.github.com
Taranaki Anniversary,2031-03-10,00:00,2031-03-11,00:00,20220129T042448Z,TARANAKIANNIVERSARY,20240813T112838-guucAH6cGs2VBKVD@sohnemann.github.com
Otago Anniversary,2031-03-24,00:00,2031-03-25,00:00,20220129T042448Z,OTAGOANNIVERSARY,20240813T112838-DZK8y3a0lwTSYQvO@sohnemann.github.com
Southland Anniversary,2031-04-15,00:00,2031-04-16,00:00,20220129T042448Z,SOUTHLANDANNIVERSARY,20240813T112838-ca899tQqQVP0zD1d@sohnemann.github.com
South Canterbury Anniversary,2031-09-22,00:00,2031-09-23,00:00,20220129T042448Z,SOUTHCANTERBURYANNIVERSARY,20240813T112838-6Vc5aCmWRg0PW0Gl@sohnemann.github.com
Hawke's Bay Anniversary,2031-10-24,00:00,2031-10-25,00:00,20220129T042448Z,HAWKESBAYANNIVERSARY,20240813T112838-Exi1ZtibODm8Z79o@sohnemann.github.com
Marlborough Anniversary,2031-11-03,00:00,2031-11-04,00:00,20220129T042448Z,MARLBOROUGHANNIVERSARY,20240813T112838-4yxDaH6Y069suXz0@sohnemann.github.com
Canterbury Anniversary,2031-11-14,00:00,2031-11-15,00:00,20220129T042448Z,CANTERBURYANNIVERSARY,20240813T112838-36FU3ffusUVFw8V8@sohnemann.github.com
Chatham Islands Anniversary,2031-12-01,00:00,2031-12-02,00:00,20220129T042448Z,CHATHAMISLANDSANNIVERSARY,20240813T112838-22cHeDLDWZ0YGL64@sohnemann.github.com
Westland Anniversary,2031-12-01,00:00,2031-12-02,00:00,20220129T042448Z,WESTLANDANNIVERSARY,20240813T112838-suVoBSyaDGcUaqMi@sohnemann.github.com
New Year's Day,2032-01-01,00:00,2032-01-02,00:00,20220129T042448Z,NEWYEARSDAY,20240813T112838-ZP3zHBlGeOtRUSAO@sohnemann.github.com
Day after New Year's Day,2032-01-02,00:00,2032-01-03,00:00,20220129T042448Z,NEWYEARSDAY,20240813T112838-tRFL4gh5vLCWsvNy@sohnemann.github.com
Waitangi Day,2032-02-06,00:00,2032-02-07,00:00,20220129T042448Z,WAITANGIDAY,20240813T112838-7Fm8i9HQISkRDLDg@sohnemann.github.com
Good Friday,2032-03-26,00:00,2032-03-27,00:00,20220129T042448Z,EASTER,20240813T112838-sa5rpZyjKZKlsahR@sohnemann.github.com
Easter Monday,2032-03-29,00:00,2032-03-30,00:00,20220129T042448Z,EASTER,20240813T112838-HrA99jIl1f5NuukT@sohnemann.github.com
Anzac Day,2032-04-25,00:00,2032-04-26,00:00,20220129T042448Z,ANZACDAY,20240813T112838-OnT5UusKGhdrPUiN@sohnemann.github.com
Anzac Day (Mondayised),2032-04-26,00:00,2032-04-27,00:00,20220129T042448Z,ANZACDAY,20240813T112838-BhclXLUWOqgMBZEQ@sohnemann.github.com
King's Birthday,2032-06-07,00:00,2032-06-08,00:00,20220129T042448Z,SOVEREIGNSBIRTHDAY,20240813T112838-t6qL2OybMEVzZcdO@sohnemann.github.com
Matariki,2032-07-02,00:00,2032-07-03,00:00,20220129T042448Z,MATARIKI,20240813T112838-c1cEIR7dshZsraUb@sohnemann.github.com
Labour Day,2032-10-25,00:00,2032-10-26,00:00,20220129T042448Z,LABOURDAY,20240813T112838-X87ND3JJLVWPdMSU@sohnemann.github.com
Christmas Day,2032-12-25,00:00,2032-12-26,00:00,20220129T042448Z,CHRISTMAS,20240813T112838-s88nOR3CKhxyRd6P@sohnemann.github.com
Christmas Day (Mondayised),2032-12-27,00:00,2032-12-28,00:00,20220129T042448Z,CHRISTMAS,20240813T112838-gzswIjVijkHSlpf3@sohnemann.github.com
Boxing Day,2032-12-26,00:00,2032-12-27,00:00,20220129T042448Z,CHRISTMAS,20240813T112838-BgvBRERQT8Gf56xJ@sohnemann.github.com
Boxing Day (Tuesdayised),2032-12-28,00:00,2032-12-29,00:00,20220129T042448Z,CHRISTMAS,20240813T112838-HMqA4tOeSJNRn91M@sohnemann.github.com
Wellington Anniversary,2032-01-19,00:00,2032-01-20,00:00,20220129T042448Z,WELLINGTONANNIVERSARY,20240813T112838-993rM1wyVSF3G2m2@sohnemann.github.com
Auckland Anniversary,2032-01-26,00:00,2032-01-27,00:00,20220129T042448Z,AUCKLANDANNIVERSARY,20240813T112838-BzAoPbKwWDjhaMr1@sohnemann.github.com
Nelson Anniversary,2032-02-02,00:00,2032-02-03,00:00,20220129T042448Z,NELSONANNIVERSARY,20240813T112838-9Rp4lqomqkUn4u6M@sohnemann.github.com
Taranaki Anniversary,2032-03-08,00:00,2032-03-09,00:00,20220129T042448Z,TARANAKIANNIVERSARY,20240813T112838-BppQqC18pZmTZzAk@sohnemann.github.com
Otago Anniversary,2032-03-22,00:00,2032-03-23,00:00,20220129T042448Z,OTAGOANNIVERSARY,20240813T112838-TnsxLhtgIVnYrYqk@sohnemann.github.com
Southland Anniversary,2032-03-30,00:00,2032-03-31,00:00,20220129T042448Z,SOUTHLANDANNIVERSARY,20240813T112838-ghPHSzbTZfUHK2ci@sohnemann.github.com
South Canterbury Anniversary,2032-09-27,00:00,2032-09-28,00:00,20220129T042448Z,SOUTHCANTERBURYANNIVERSARY,20240813T112838-OPTb5XMGbfB1qB2P@sohnemann.github.com
Hawke's Bay Anniversary,2032-10-22,00:00,2032-10-23,00:00,20220129T042448Z,HAWKESBAYANNIVERSARY,20240813T112838-Fbu2ogDJvUvzBo0Q@sohnemann.github.com
Marlborough Anniversary,2032-11-01,00:00,2032-11-02,00:00,20220129T042448Z,MARLBOROUGHANNIVERSARY,20240813T112838-15g98F4m7rjq8MmL@sohnemann.github.com
Canterbury Anniversary,2032-11-12,00:00,2032-11-13,00:00,20220129T042448Z,CANTERBURYANNIVERSARY,20240813T112838-f4Sh1BvacdrJ81lT@sohnemann.github.com
Chatham Islands Anniversary,2032-11-29,00:00,2032-11-30,00:00,20220129T042448Z,CHATHAMISLANDSANNIVERSARY,20240813T112838-49AhcGTDXLItK80T@sohnemann.github.com
Westland Anniversary,2032-11-29,00:00,2032-11-30,00:00,20220129T042448Z,WESTLANDANNIVERSARY,20240813T112838-A6JVl63F2Tw5ZVhA@sohnemann.github.com
